{"cameraMode":{"drawMode":0,"name":"Shaded","section":"Shading Mode"},"sceneLighting":true,"audioPlay":false,"sceneViewState":{"showFog":true,"showMaterialUpdate":false,"showSkybox":true,"showFlares":true,"showImageEffects":true,"showParticleSystems":true},"in2DMode":false,"pivot":{"x":-3.9437484741210939,"y":2.1578121185302736,"z":2.4765625},"rotation":{"x":-0.04438706114888191,"y":-0.16231617331504823,"z":-0.007309182081371546,"w":0.9857129454612732},"size":27.945167541503908,"orthographic":true}