{"cameraMode":{"drawMode":0,"name":"Shaded","section":"Shading Mode"},"sceneLighting":false,"audioPlay":false,"sceneViewState":{"showFog":true,"showMaterialUpdate":false,"showSkybox":false,"showFlares":true,"showImageEffects":true,"showParticleSystems":true},"in2DMode":false,"pivot":{"x":-6.900000095367432,"y":-6.900000095367432,"z":2.0},"rotation":{"x":-0.00009386567398905754,"y":0.9995020031929016,"z":0.03149471804499626,"w":0.002999001182615757},"size":13.826607704162598,"orthographic":true}