{"cameraMode":{"drawMode":0,"name":"Shaded","section":"Shading Mode"},"sceneLighting":true,"audioPlay":false,"sceneViewState":{"showFog":true,"showMaterialUpdate":false,"showSkybox":true,"showFlares":true,"showImageEffects":true,"showParticleSystems":true},"in2DMode":false,"pivot":{"x":5.679999828338623,"y":2.0999999046325685,"z":-14.592806816101075},"rotation":{"x":-0.06714048981666565,"y":-0.017856869846582414,"z":0.003448638366535306,"w":-0.9975868463516235},"size":55.19525146484375,"orthographic":true}