{"cameraMode":{"drawMode":0,"name":"Shaded","section":"Shading Mode"},"sceneLighting":false,"audioPlay":false,"sceneViewState":{"showFog":true,"showMaterialUpdate":false,"showSkybox":false,"showFlares":true,"showImageEffects":true,"showParticleSystems":true},"in2DMode":false,"pivot":{"x":-4.550000190734863,"y":-5.909999847412109,"z":0.5299999713897705},"rotation":{"x":-0.00009386567398905754,"y":0.9995020031929016,"z":0.03149471804499626,"w":0.002999001182615757},"size":3.846668243408203,"orthographic":true}