{"cameraMode":{"drawMode":0,"name":"Shaded","section":"Shading Mode"},"sceneLighting":false,"audioPlay":false,"sceneViewState":{"showFog":true,"showMaterialUpdate":false,"showSkybox":false,"showFlares":true,"showImageEffects":true,"showParticleSystems":true},"in2DMode":false,"pivot":{"x":2.5799999237060549,"y":-0.001953125,"z":2.0},"rotation":{"x":-0.007499791216105223,"y":0.005999797023832798,"z":0.00004499935675994493,"w":0.9999539256095886},"size":3.500178575515747,"orthographic":true}