{"cameraMode":{"drawMode":0,"name":"Shaded","section":"Shading Mode"},"sceneLighting":true,"audioPlay":false,"sceneViewState":{"showFog":true,"showMaterialUpdate":false,"showSkybox":true,"showFlares":true,"showImageEffects":true,"showParticleSystems":true},"in2DMode":false,"pivot":{"x":78.25492858886719,"y":165.1875,"z":0.6389222145080566},"rotation":{"x":-0.0314910002052784,"y":0.015593443065881729,"z":0.0004913117154501379,"w":0.999382734298706},"size":63.30888366699219,"orthographic":true}