{"cameraMode":{"drawMode":0,"name":"Shaded","section":"Shading Mode"},"sceneLighting":true,"audioPlay":false,"sceneViewState":{"showFog":true,"showMaterialUpdate":false,"showSkybox":true,"showFlares":true,"showImageEffects":true,"showParticleSystems":true},"in2DMode":false,"pivot":{"x":-2.139439105987549,"y":-3.4377989768981935,"z":-27.716102600097658},"rotation":{"x":-0.020990509539842607,"y":0.027592206373810769,"z":0.000579503015615046,"w":0.9994000792503357},"size":24.60024070739746,"orthographic":true}