{"cameraMode":{"drawMode":0,"name":"Shaded","section":"Shading Mode"},"sceneLighting":false,"audioPlay":false,"sceneViewState":{"showFog":true,"showMaterialUpdate":false,"showSkybox":false,"showFlares":true,"showImageEffects":true,"showParticleSystems":true},"in2DMode":false,"pivot":{"x":-6.900000095367432,"y":-6.900000095367432,"z":2.0},"rotation":{"x":-0.0314910002052784,"y":0.015593443065881729,"z":0.0004913117154501379,"w":0.999382734298706},"size":4.801222801208496,"orthographic":true}