{"cameraMode":{"drawMode":0,"name":"Shaded","section":"Shading Mode"},"sceneLighting":true,"audioPlay":false,"sceneViewState":{"showFog":true,"showMaterialUpdate":false,"showSkybox":true,"showFlares":true,"showImageEffects":true,"showParticleSystems":true},"in2DMode":false,"pivot":{"x":92.10211944580078,"y":322.0225524902344,"z":3.047635078430176},"rotation":{"x":-0.0314910002052784,"y":0.015593443065881729,"z":0.0004913117154501379,"w":0.999382734298706},"size":137.02720642089845,"orthographic":true}