{"cameraMode":{"drawMode":0,"name":"Shaded","section":"Shading Mode"},"sceneLighting":true,"audioPlay":false,"sceneViewState":{"showFog":true,"showMaterialUpdate":false,"showSkybox":true,"showFlares":true,"showImageEffects":true,"showParticleSystems":true},"in2DMode":false,"pivot":{"x":358.0,"y":307.2168273925781,"z":0.15382744371891023},"rotation":{"x":-0.0314910002052784,"y":0.015593443065881729,"z":0.0004913117154501379,"w":0.999382734298706},"size":665.4107666015625,"orthographic":true}