{"cameraMode":{"drawMode":0,"name":"Shaded","section":"Shading Mode"},"sceneLighting":false,"audioPlay":false,"sceneViewState":{"showFog":true,"showMaterialUpdate":false,"showSkybox":false,"showFlares":true,"showImageEffects":true,"showParticleSystems":true},"in2DMode":false,"pivot":{"x":-0.6101245880126953,"y":-0.047501981258392337,"z":0.0},"rotation":{"x":-0.020990509539842607,"y":0.027592206373810769,"z":0.000579503015615046,"w":0.9994000792503357},"size":4.330006122589111,"orthographic":true}