{"cameraMode":{"drawMode":0,"name":"Shaded","section":"Shading Mode"},"sceneLighting":true,"audioPlay":false,"sceneViewState":{"showFog":true,"showMaterialUpdate":false,"showSkybox":true,"showFlares":true,"showImageEffects":true,"showParticleSystems":true},"in2DMode":false,"pivot":{"x":-0.5850000381469727,"y":1.630000114440918,"z":1.0250000953674317},"rotation":{"x":-0.007499791216105223,"y":0.005999797023832798,"z":0.00004499935675994493,"w":0.9999539256095886},"size":44.95888900756836,"orthographic":true}