{"cameraMode":{"drawMode":0,"name":"Shaded","section":"Shading Mode"},"sceneLighting":false,"audioPlay":false,"sceneViewState":{"showFog":true,"showMaterialUpdate":false,"showSkybox":false,"showFlares":true,"showImageEffects":true,"showParticleSystems":true},"in2DMode":false,"pivot":{"x":0.46907079219818118,"y":0.12282416224479675,"z":0.0},"rotation":{"x":-0.0314910002052784,"y":0.015593443065881729,"z":0.0004913117154501379,"w":0.999382734298706},"size":4.537596225738525,"orthographic":true}