{"cameraMode":{"drawMode":0,"name":"Shaded","section":"Shading Mode"},"sceneLighting":true,"audioPlay":false,"sceneViewState":{"showFog":true,"showMaterialUpdate":false,"showSkybox":true,"showFlares":true,"showImageEffects":true,"showParticleSystems":true},"in2DMode":false,"pivot":{"x":7.0985107421875,"y":6.44781494140625,"z":-8.364501953125},"rotation":{"x":-0.07619210332632065,"y":0.013581570237874985,"z":0.0012074108235538006,"w":-0.9970133304595947},"size":2.914651870727539,"orthographic":true}